channel_id,day,advertiser_id,impressions,verified_visits,verified_visit_conversions,verified_visit_total_order_value,total_spend,name
6,2017-07-09,12274,8870,17,0,0,53.22,"Mobile Web Retargeting"
1,2017-07-09,12283,6648,16,0,0,36.6598,"Desktop Retargeting"
6,2017-07-09,12283,10015,20,0,0,52.7699,"Mobile Web Retargeting"
1,2017-07-09,12289,52430,68,21,1231.64,183.2288,"Desktop Retargeting"
6,2017-07-09,12289,8814,20,0,0,20.9973,"Mobile Web Retargeting"
1,2017-07-09,12299,108674,34,0,0,392.292,"Desktop Retargeting"
1,2017-07-09,12302,2162,16,0,0,9.4,"Desktop Retargeting"
1,2017-07-09,12303,2431,10,0,0,5.1343,"Desktop Retargeting"
1,2017-07-09,12307,33958,59,1,949.99,204.8528,"Desktop Retargeting"
6,2017-07-09,12307,5765,12,0,0,26.1966,"Mobile Web Retargeting"
1,2017-07-09,12318,5205,17,1,67.59,18.275,"Desktop Retargeting"
6,2017-07-09,12318,4635,16,0,0,13.905,"Mobile Web Retargeting"
1,2017-07-09,12321,450511,924,67,4129.05,2252.555,"Desktop Retargeting"
3,2017-07-09,12321,546976,466,14,769.51,2425.214,"Desktop Prospecting"
6,2017-07-09,12321,547472,1508,137,11306.02,2737.36,"Mobile Web Retargeting"
1,2017-07-09,12322,420591,403,24,2060.08,2944.137,"Desktop Retargeting"
3,2017-07-09,12322,289405,224,5,351.88,1881.1325,"Desktop Prospecting"
6,2017-07-09,12322,162292,369,34,3269.08,1054.898,"Mobile Web Retargeting"
6,2017-09-18,10942,10579,20,1,0,58.2904,"Mobile Web Retargeting"
1,2017-07-09,11856,81524,43,2,418.5,367.6757,"Desktop Retargeting"
1,2017-07-09,11858,6528,18,1,632,39.168,"Desktop Retargeting"
6,2017-07-09,11858,3446,9,0,0,12.061,"Mobile Web Retargeting"
1,2017-07-09,11859,18555,43,6,1629,74.22,"Desktop Retargeting"
6,2017-07-09,11859,3549,8,0,0,12.4215,"Mobile Web Retargeting"
1,2017-07-09,11885,379531,196,0,0,1328.3585,"Desktop Retargeting"
3,2017-07-09,11885,222105,54,0,0,888.42,"Desktop Prospecting"
6,2017-07-09,11885,90314,63,0,0,361.256,"Mobile Web Retargeting"
1,2017-07-09,11889,95395,65,3,0,381.58,"Desktop Retargeting"
1,2017-07-09,11890,25181,15,0,0,88.0274,"Desktop Retargeting"
1,2017-07-09,11891,112571,35,0,0,453.4705,"Desktop Retargeting"
3,2017-07-09,11891,94374,57,0,0,330.309,"Desktop Prospecting"
6,2017-07-09,11891,56376,36,1,24.07,244.41,"Mobile Web Retargeting"
1,2017-07-09,11916,149873,117,2,0,749.365,"Desktop Retargeting"
3,2017-07-09,11916,250497,150,1,0,1252.485,"Desktop Prospecting"
6,2017-07-09,11916,6236,5,0,0,31.18,"Mobile Web Retargeting"
1,2017-07-09,11920,6092,23,1,19.98,24.144,"Desktop Retargeting"
1,2017-07-09,11926,51555,18,0,0,335.1075,"Desktop Retargeting"
6,2017-07-09,11926,2650,5,0,0,18.2975,"Mobile Web Retargeting"
1,2017-07-09,11929,11616,30,0,0,40.656,"Desktop Retargeting"
6,2017-07-09,12610,56662,44,1,39.98,202.4655,"Mobile Web Retargeting"
1,2017-07-09,12616,3684,1,0,0,11.052,"Desktop Retargeting"
1,2017-07-09,12618,56024,69,4,457.89,322.1494,"Desktop Retargeting"
3,2017-07-09,12618,146556,124,0,0,586.224,"Desktop Prospecting"
6,2017-07-09,12618,15067,15,1,16.98,90.402,"Mobile Web Retargeting"
1,2017-07-09,12695,13678,10,2,199.92,82.068,"Desktop Retargeting"
1,2017-07-09,12697,176797,370,26,3914.99,883.985,"Desktop Retargeting"
6,2017-07-09,12697,6394,12,2,128.39,31.97,"Mobile Web Retargeting"
1,2017-07-09,12698,91777,155,6,92.94,617.842,"Desktop Retargeting"
3,2017-07-09,12698,51194,57,0,0,295.8325,"Desktop Prospecting"
1,2017-07-09,12699,103827,123,7,237.39,710.1231,"Desktop Retargeting"
3,2017-07-09,12699,75594,44,0,0,527.4137,"Desktop Prospecting"
6,2017-07-09,12712,3093,4,1,0,17.3444,"Mobile Web Retargeting"
1,2017-07-09,12715,13476,91,21,68,112.6751,"Desktop Retargeting"
1,2017-07-09,12717,2316,4,0,0,6.948,"Desktop Retargeting"
1,2017-07-09,12723,20108,12,1,168,61.344,"Desktop Retargeting"
6,2017-07-09,12723,3553,4,0,0,10.659,"Mobile Web Retargeting"
1,2017-07-09,12734,4,0,0,0,0.008,"Desktop Retargeting"
1,2017-07-09,12738,3,0,0,0,0.0039,"Desktop Retargeting"
1,2017-07-09,9051,2925,5,0,0,17.966,"Desktop Retargeting"
1,2017-07-09,9068,157156,339,32,2812.99,1375.1362,"Desktop Retargeting"
6,2017-07-09,9068,5516,17,1,13.29,39.1056,"Mobile Web Retargeting"
1,2017-07-09,9167,36649,18,2,162.25,91.6225,"Desktop Retargeting"
1,2017-07-09,9175,14524,9,2,114.84,36.31,"Desktop Retargeting"
1,2017-07-09,9180,7462,33,0,0,11.256,"Desktop Retargeting"
1,2017-07-09,9194,17419,25,4,214.52,8.7095,"Desktop Retargeting"
1,2017-07-09,9205,60143,18,3,133.9,150.3575,"Desktop Retargeting"
1,2017-07-09,9217,47016,11,1,24.38,150.843,"Desktop Retargeting"
1,2017-07-09,9218,4488,15,0,0,21.231,"Desktop Retargeting"
1,2017-07-09,9266,33598,15,2,180.67,100.794,"Desktop Retargeting"
1,2017-07-09,9300,66362,140,28,4165.63,298.629,"Desktop Retargeting"
1,2017-07-09,9328,2978,41,0,0,6.2131,"Desktop Retargeting"
5,2017-08-13,20711,7969,240,2,1495,236.8822,"Facebook Retargeting"
6,2017-07-09,10841,3446,4,0,0,12.061,"Mobile Web Retargeting"
1,2017-07-09,10873,51222,100,14,2047.28,271.623,"Desktop Retargeting"
1,2017-07-09,10894,47684,32,0,0,165.431,"Desktop Retargeting"
1,2017-07-09,10895,3922,23,0,0,15.3655,"Desktop Retargeting"
1,2017-07-09,10942,138031,242,7,0,803.236,"Desktop Retargeting"
6,2017-07-09,10942,12858,16,0,0,69.9473,"Mobile Web Retargeting"
1,2017-07-09,10951,5935,12,1,49.95,39.2102,"Desktop Retargeting"
1,2017-07-09,10970,905,9,0,0,3.62,"Desktop Retargeting"
6,2017-07-09,10970,1639,1,0,0,10.6535,"Mobile Web Retargeting"
1,2017-07-09,10972,1442,4,0,0,5.768,"Desktop Retargeting"
1,2017-07-09,10976,2,0,0,0,0.0038,"Desktop Retargeting"
6,2017-07-09,10976,2,0,0,0,0.0038,"Mobile Web Retargeting"
1,2017-07-09,11101,57416,179,6,415.55,373.204,"Desktop Retargeting"
6,2017-07-09,11101,4273,12,0,0,27.7745,"Mobile Web Retargeting"
1,2017-07-09,11117,9060,15,16,2793.76,26.946,"Desktop Retargeting"
1,2017-07-09,11152,1617838,943,252,22809.91,10515.947,"Desktop Retargeting"
3,2017-07-09,11152,1821756,970,2,135.88,11086.895,"Desktop Prospecting"
6,2017-07-09,11152,899788,992,191,13881.97,5848.622,"Mobile Web Retargeting"
6,2017-07-09,13270,6427,20,1,79.99,29.682,"Mobile Web Retargeting"
1,2017-07-09,13312,16211,9,1,109.96,113.477,"Desktop Retargeting"
6,2017-07-09,13312,13524,11,0,0,67.62,"Mobile Web Retargeting"
1,2017-07-09,13427,7007,3,0,0,26.0395,"Desktop Retargeting"
6,2017-07-09,13427,11302,12,0,0,44.782,"Mobile Web Retargeting"
1,2017-07-09,13460,71466,130,0,0,357.33,"Desktop Retargeting"
1,2017-07-09,13465,22151,15,0,0,100.968,"Desktop Retargeting"
1,2017-07-09,13477,6349,13,0,0,29.182,"Desktop Retargeting"
1,2017-07-09,13478,6099,32,0,0,36.594,"Desktop Retargeting"
6,2017-07-09,13478,8330,28,0,0,49.98,"Mobile Web Retargeting"
1,2017-07-09,13480,51,0,0,0,0.051,"Desktop Retargeting"
1,2017-07-09,13481,64338,60,0,0,64.338,"Desktop Retargeting"
1,2017-07-09,13482,39486,66,0,0,217.173,"Desktop Retargeting"
1,2017-07-09,13483,38704,134,0,0,38.704,"Desktop Retargeting"
1,2017-07-09,13484,23313,36,0,0,23.313,"Desktop Retargeting"
1,2017-07-09,13529,24,1,0,0,0.118,"Desktop Retargeting"
6,2017-07-09,13529,34,0,0,0,0.1605,"Mobile Web Retargeting"
1,2017-07-09,13768,53796,31,0,0,188.286,"Desktop Retargeting"
6,2017-07-09,13768,48220,43,0,0,168.77,"Mobile Web Retargeting"
1,2017-07-09,13774,138706,156,1,10.69,832.236,"Desktop Retargeting"
1,2017-07-09,20320,3059,18,3,660,30.59,"Desktop Retargeting"
6,2017-07-09,20320,1198,6,0,0,11.98,"Mobile Web Retargeting"
1,2017-07-09,20336,16150,30,2,135.02,193.8,"Desktop Retargeting"
1,2017-07-09,20337,26315,24,1,135.04,210.52,"Desktop Retargeting"
3,2017-07-09,20337,34681,12,0,0,277.448,"Desktop Prospecting"
1,2017-07-09,20365,54045,38,2,82,303.6489,"Desktop Retargeting"
1,2017-07-09,20379,8040,10,0,0,64.32,"Desktop Retargeting"
6,2017-07-09,20379,6375,15,0,0,46.544,"Mobile Web Retargeting"
1,2017-07-09,20402,628,3,0,0,1.6315,"Desktop Retargeting"
1,2017-07-09,20403,9557,4,0,0,76.456,"Desktop Retargeting"
1,2017-07-09,20427,8715,5,1,92,56.6475,"Desktop Retargeting"
6,2017-07-09,20427,2065,1,0,0,20.65,"Mobile Web Retargeting"
1,2017-07-09,20453,15102,16,1,299.9,111.2901,"Desktop Retargeting"
6,2017-07-09,20453,4542,7,0,0,35.8807,"Mobile Web Retargeting"
1,2017-07-09,20454,13680,26,1,23,70.7337,"Desktop Retargeting"
6,2017-07-09,20454,4150,5,0,0,20.4467,"Mobile Web Retargeting"
1,2017-07-09,20460,13369,9,0,0,135.9577,"Desktop Retargeting"
5,2017-07-09,12123,51670,34,0,0,48.9765,"Facebook Retargeting"
5,2017-07-09,12124,18250,7,0,0,39.4471,"Facebook Retargeting"
5,2017-07-09,12187,95539,696,94,6767.35,84.8588,"Facebook Retargeting"
5,2017-07-09,12274,65057,207,0,0,114.1765,"Facebook Retargeting"
5,2017-07-09,11206,70465,377,34,4396.34,165.0704,"Facebook Retargeting"
7,2017-07-09,11206,56021,46,6,505.12,175.447,"Facebook Prospecting"
5,2017-07-09,11391,50981,30,1,0,34.8589,"Facebook Retargeting"
5,2017-07-09,11404,10184,12,0,0,20.5884,"Facebook Retargeting"
1,2017-07-09,12339,40085,73,8,1444.58,240.51,"Desktop Retargeting"
6,2017-07-09,12339,9070,26,1,195,51.362,"Mobile Web Retargeting"
1,2017-07-09,12346,172673,340,70,7575.33,984.648,"Desktop Retargeting"
1,2017-07-09,12347,11680,3,0,0,81.76,"Desktop Retargeting"
3,2017-07-09,12347,26002,10,0,0,182.014,"Desktop Prospecting"
6,2017-07-09,12347,10082,10,0,0,70.574,"Mobile Web Retargeting"
1,2017-07-09,12367,40041,18,2,1878.75,167.573,"Desktop Retargeting"
1,2017-07-09,12369,37283,36,0,0,153.004,"Desktop Retargeting"
1,2017-07-09,12372,36866,22,8,2290.7,110.598,"Desktop Retargeting"
6,2017-07-09,12372,8465,3,0,0,25.395,"Mobile Web Retargeting"
1,2017-07-09,12373,160186,26,2,209.9,480.558,"Desktop Retargeting"
6,2017-07-09,12373,19499,21,0,0,68.2465,"Mobile Web Retargeting"
1,2017-07-09,12374,27273,19,3,157.75,86.8491,"Desktop Retargeting"
6,2017-07-09,12374,5726,9,0,0,11.452,"Mobile Web Retargeting"
1,2017-07-09,12378,24487,17,1,2605,51.627,"Desktop Retargeting"
1,2017-07-09,12385,13942,16,0,0,54.858,"Desktop Retargeting"
1,2017-07-09,12389,42463,20,1,700,297.241,"Desktop Retargeting"
1,2017-07-09,12390,2592,8,0,0,5.313,"Desktop Retargeting"
6,2017-07-09,12390,38,0,0,0,0.114,"Mobile Web Retargeting"
1,2017-07-09,12739,2,0,0,0,0.01,"Desktop Retargeting"
6,2017-07-09,12739,1,0,0,0,0.005,"Mobile Web Retargeting"
1,2017-07-09,12765,12494,32,2,236,74.964,"Desktop Retargeting"
1,2017-07-09,12771,13916,29,0,0,87.4119,"Desktop Retargeting"
1,2017-07-09,12776,93708,226,16,752.8,591.5772,"Desktop Retargeting"
1,2017-07-09,12777,63693,58,6,204.93,232.434,"Desktop Retargeting"
1,2017-07-09,12802,3893,7,1,9.99,24.636,"Desktop Retargeting"
6,2017-07-09,12802,1522,1,0,0,9.262,"Mobile Web Retargeting"
1,2017-07-09,12811,22039,27,0,0,86.64,"Desktop Retargeting"
6,2017-07-09,12811,8280,7,2,1981.1,34.372,"Mobile Web Retargeting"
1,2017-07-09,12812,32444,14,0,0,160.7775,"Desktop Retargeting"
6,2017-07-09,12812,23639,34,1,62,82.7365,"Mobile Web Retargeting"
1,2017-07-09,12829,17705,43,3,984.8,66.65,"Desktop Retargeting"
1,2017-07-09,12874,11130,22,3,256.84,64.653,"Desktop Retargeting"
6,2017-07-09,12874,1604,7,0,0,11.228,"Mobile Web Retargeting"
1,2017-07-09,12891,3711,18,9,697.78,24.726,"Desktop Retargeting"
1,2017-07-09,12898,4181,21,1,77.91,19.658,"Desktop Retargeting"
1,2017-07-09,12900,54646,47,14,7020.85,226.975,"Desktop Retargeting"
6,2017-07-09,12900,23541,42,3,1478.48,102.324,"Mobile Web Retargeting"
5,2017-07-09,19548,9485,25,0,0,22.0069,"Facebook Retargeting"
5,2017-07-09,19549,158004,107,0,0,58.8353,"Facebook Retargeting"
5,2017-07-09,19550,23885,85,5,377.86,58.6768,"Facebook Retargeting"
5,2017-07-09,19558,5745,3,0,0,22.0707,"Facebook Retargeting"
5,2017-07-09,19571,23049,26,2,55.83,62.247,"Facebook Retargeting"
5,2017-07-09,19640,28910,497,18,2861.68,53.0387,"Facebook Retargeting"
1,2017-07-09,11175,13211,29,7,472.19,46.425,"Desktop Retargeting"
6,2017-07-09,11175,17372,14,0,0,62.32,"Mobile Web Retargeting"
1,2017-07-09,11195,124339,26,0,0,621.695,"Desktop Retargeting"
1,2017-07-09,11206,75236,61,14,2441.81,244.5314,"Desktop Retargeting"
6,2017-07-09,11206,109253,110,10,1479.84,361.4697,"Mobile Web Retargeting"
1,2017-07-09,11219,21659,22,0,0,123.778,"Desktop Retargeting"
1,2017-07-09,11222,3294,7,0,0,13.176,"Desktop Retargeting"
6,2017-07-09,11222,85,1,0,0,0.34,"Mobile Web Retargeting"
1,2017-07-09,11229,40766,102,14,0,224.2891,"Desktop Retargeting"
1,2017-07-09,11270,61,0,0,0,0.0788,"Desktop Retargeting"
3,2017-07-09,11270,3683,16,0,0,11.3392,"Desktop Prospecting"
6,2017-07-09,11270,27,0,0,0,0.0347,"Mobile Web Retargeting"
1,2017-07-09,11316,9399,16,0,0,37.596,"Desktop Retargeting"
1,2017-07-09,11321,34183,27,3,27.95,184.6704,"Desktop Retargeting"
1,2017-07-09,11330,15825,12,0,0,63.4605,"Desktop Retargeting"
1,2017-07-09,11337,21073,13,0,0,86.385,"Desktop Retargeting"
1,2017-07-09,11365,25040,16,0,0,95.7715,"Desktop Retargeting"
6,2017-07-09,11365,682,0,0,0,4.092,"Mobile Web Retargeting"
1,2017-07-09,11373,11629,39,0,0,50.8139,"Desktop Retargeting"
1,2017-07-09,11387,7470,25,1,129.99,32.724,"Desktop Retargeting"
1,2017-07-09,11391,106355,77,3,0,319.065,"Desktop Retargeting"
1,2017-07-09,19543,14701,50,0,0,117.608,"Desktop Retargeting"
6,2017-07-09,19543,1771,9,0,0,14.168,"Mobile Web Retargeting"
1,2017-07-09,19548,18312,67,14,1068.59,102.2948,"Desktop Retargeting"
6,2017-07-09,19548,5339,23,1,115.87,35.709,"Mobile Web Retargeting"
1,2017-07-09,19549,5580,63,0,0,44.64,"Desktop Retargeting"
1,2017-07-09,19550,22440,57,11,939.01,169.7619,"Desktop Retargeting"
6,2017-07-09,19550,2657,7,1,124.85,19.3791,"Mobile Web Retargeting"
3,2017-07-09,19551,120613,49,0,0,361.839,"Desktop Prospecting"
1,2017-07-09,19552,1562,10,1,101.9,7.0547,"Desktop Retargeting"
1,2017-07-09,19557,14278,54,2,239.91,111.2371,"Desktop Retargeting"
6,2017-07-09,19557,9416,16,0,0,61.8863,"Mobile Web Retargeting"
1,2017-07-09,19558,11885,4,2,115.76,118.85,"Desktop Retargeting"
1,2017-07-09,19571,11149,21,3,62.93,89.192,"Desktop Retargeting"
1,2017-07-09,19590,3706,21,0,0,37.06,"Desktop Retargeting"
1,2017-07-09,19595,9996,12,0,0,86.967,"Desktop Retargeting"
6,2017-07-09,19595,1973,4,0,0,19.73,"Mobile Web Retargeting"
1,2017-07-09,19632,4272,41,2,423.84,42.72,"Desktop Retargeting"
1,2017-07-09,19640,70101,216,14,1306.48,458.0514,"Desktop Retargeting"
6,2017-07-09,19640,17314,39,4,198.11,118.9388,"Mobile Web Retargeting"
5,2017-07-09,12697,86031,200,2,251.86,167.6001,"Facebook Retargeting"
5,2017-07-09,12719,7222,30,0,0,14.153,"Facebook Retargeting"
5,2017-07-09,12802,4458,4,0,0,9.4355,"Facebook Retargeting"
5,2017-07-09,12811,13457,26,0,0,9.1649,"Facebook Retargeting"
5,2017-07-09,12900,80028,1543,1,519.99,99.6707,"Facebook Retargeting"
5,2017-07-09,12912,27253,32,0,0,84.0471,"Facebook Retargeting"
5,2017-07-09,12923,79292,349,6,1870.5,409.2471,"Facebook Retargeting"
1,2017-07-09,13777,4773,16,0,0,27.6834,"Desktop Retargeting"
1,2017-07-09,13819,15927,25,9,0,47.781,"Desktop Retargeting"
1,2017-07-09,13821,7868,5,0,0,35.9055,"Desktop Retargeting"
1,2017-07-09,13936,7838,155,239,239,47.028,"Desktop Retargeting"
1,2017-07-09,13945,1406,8,0,0,10.9789,"Desktop Retargeting"
1,2017-07-09,14012,40207,27,7,1569.46,321.656,"Desktop Retargeting"
1,2017-07-09,14153,25565,15,1,49,166.1725,"Desktop Retargeting"
3,2017-07-09,14153,113584,91,0,0,567.92,"Desktop Prospecting"
6,2017-07-09,14153,4965,4,0,0,32.2725,"Mobile Web Retargeting"
1,2017-07-09,14265,16219,15,1,102.92,71.95,"Desktop Retargeting"
6,2017-07-09,14265,2169,1,0,0,12.4,"Mobile Web Retargeting"
1,2017-07-09,14375,13360,16,0,0,67.29,"Desktop Retargeting"
1,2017-07-09,14657,5636,7,0,0,30.0356,"Desktop Retargeting"
1,2017-07-09,14674,5924,5,0,0,47.392,"Desktop Retargeting"
1,2017-07-09,15175,30625,59,0,0,306.25,"Desktop Retargeting"
1,2017-07-09,15189,227843,105,0,0,1173.6115,"Desktop Retargeting"
6,2017-07-09,15189,3252,9,0,0,16.26,"Mobile Web Retargeting"
1,2017-07-09,15471,36239,141,0,0,453.7136,"Desktop Retargeting"
1,2017-07-09,15663,16409,17,0,0,73.5,"Desktop Retargeting"
1,2017-07-09,15710,985,2,0,0,8.865,"Desktop Retargeting"
6,2017-07-09,15710,1095,2,0,0,10.036,"Mobile Web Retargeting"
1,2017-07-09,12425,14959,22,1,31.95,55.5995,"Desktop Retargeting"
6,2017-07-09,12425,13427,10,2,144.75,56.168,"Mobile Web Retargeting"
1,2017-07-09,12426,5633,45,1,191.8,22.093,"Desktop Retargeting"
6,2017-07-09,12426,40,1,0,0,0.14,"Mobile Web Retargeting"
1,2017-07-09,12435,179037,51,0,0,895.185,"Desktop Retargeting"
1,2017-07-09,12437,6033,7,0,0,27.3205,"Desktop Retargeting"
1,2017-07-09,12452,13231,76,2,906,89.4901,"Desktop Retargeting"
1,2017-07-09,12464,62484,72,0,0,218.694,"Desktop Retargeting"
3,2017-07-09,12464,82971,132,0,0,290.3985,"Desktop Prospecting"
1,2017-07-09,12509,3088,15,0,0,13.7805,"Desktop Retargeting"
1,2017-07-09,12517,1516,16,0,0,7.2428,"Desktop Retargeting"
1,2017-07-09,12524,59280,38,7,1108.32,321.663,"Desktop Retargeting"
6,2017-07-09,12524,14026,19,0,0,84.156,"Mobile Web Retargeting"
1,2017-07-09,12536,227,13,0,0,0.803,"Desktop Retargeting"
6,2017-07-09,12536,682,2,0,0,2.438,"Mobile Web Retargeting"
1,2017-07-09,12540,15771,39,4,113.93,65.9889,"Desktop Retargeting"
6,2017-07-09,12540,3682,5,1,20.69,16.4405,"Mobile Web Retargeting"
1,2017-07-09,12543,18401,23,1,509.99,78.232,"Desktop Retargeting"
1,2017-07-09,12552,20685,59,5,1323,96.646,"Desktop Retargeting"
1,2017-07-09,12566,193869,148,2,379.08,1007.487,"Desktop Retargeting"
1,2017-07-09,12912,234982,131,1,229,859.427,"Desktop Retargeting"
1,2017-07-09,12915,20929,22,0,0,209.29,"Desktop Retargeting"
6,2017-07-09,12915,3000,3,0,0,30.774,"Mobile Web Retargeting"
1,2017-07-09,12923,148845,152,8,2892,855.866,"Desktop Retargeting"
1,2017-07-09,12927,50950,54,2,316,280.225,"Desktop Retargeting"
6,2017-07-09,12927,12809,24,0,0,60.373,"Mobile Web Retargeting"
1,2017-07-09,12928,5119,7,4,1902.33,40.952,"Desktop Retargeting"
6,2017-07-09,12928,5911,15,2,1146.98,47.288,"Mobile Web Retargeting"
1,2017-07-09,12931,195041,139,27,2286.89,780.164,"Desktop Retargeting"
6,2017-07-09,12931,33263,62,4,297.96,133.052,"Mobile Web Retargeting"
1,2017-07-09,12937,11606,23,0,0,116.06,"Desktop Retargeting"
6,2017-07-09,12937,4146,10,0,0,41.46,"Mobile Web Retargeting"
1,2017-07-09,12939,4286,6,0,0,36.0024,"Desktop Retargeting"
6,2017-07-09,12939,2770,7,0,0,26.038,"Mobile Web Retargeting"
1,2017-07-09,12954,24500,71,8,787.84,152.556,"Desktop Retargeting"
6,2017-07-09,12954,38332,79,4,194.89,229.992,"Mobile Web Retargeting"
1,2017-07-09,12961,55845,71,5,186.78,335.07,"Desktop Retargeting"
3,2017-07-09,12961,69823,31,3,27,279.292,"Desktop Prospecting"
6,2017-07-09,12961,35655,44,0,0,213.93,"Mobile Web Retargeting"
1,2017-07-09,11938,26314,39,1,364,172.3378,"Desktop Retargeting"
1,2017-07-09,11949,20603,18,0,0,132.5662,"Desktop Retargeting"
1,2017-07-09,11964,67238,99,22,3380.36,547.733,"Desktop Retargeting"
6,2017-07-09,11964,49074,100,20,3066.17,375.9596,"Mobile Web Retargeting"
1,2017-07-09,11968,99806,1955,0,0,649.7703,"Desktop Retargeting"
1,2017-07-09,11974,14296,22,0,0,71.48,"Desktop Retargeting"
6,2017-07-09,11974,34550,36,0,0,172.75,"Mobile Web Retargeting"
1,2017-07-09,11993,4020,20,5,353.99,14.559,"Desktop Retargeting"
1,2017-07-09,11995,22738,15,0,0,153.1933,"Desktop Retargeting"
1,2017-07-09,12018,106857,78,7,686.15,534.285,"Desktop Retargeting"
1,2017-07-09,12026,9890,26,0,0,59.34,"Desktop Retargeting"
1,2017-07-09,12028,15114,14,0,0,90.684,"Desktop Retargeting"
1,2017-07-09,12032,12,2,0,0,0.072,"Desktop Retargeting"
6,2017-07-09,12032,25,10,0,0,0.15,"Mobile Web Retargeting"
1,2017-07-09,12037,18462,23,0,0,99.3218,"Desktop Retargeting"
6,2017-07-09,12037,902,1,0,0,4.51,"Mobile Web Retargeting"
1,2017-07-09,12038,2142,9,0,0,12.852,"Desktop Retargeting"
1,2017-07-09,12061,59251,51,7,192.12,292.873,"Desktop Retargeting"
1,2017-07-09,12069,33166,53,7,604.34,238.0513,"Desktop Retargeting"
1,2017-07-09,20502,10164,16,0,0,92.3525,"Desktop Retargeting"
1,2017-07-09,20503,13833,5,0,0,110.664,"Desktop Retargeting"
1,2017-07-09,20544,10906,3,0,0,88.754,"Desktop Retargeting"
1,2017-07-09,20648,7913,8,0,0,79.13,"Desktop Retargeting"
6,2017-07-09,20648,17635,24,0,0,176.35,"Mobile Web Retargeting"
1,2017-07-09,20654,4348,7,0,0,34.784,"Desktop Retargeting"
6,2017-07-09,20654,9474,17,0,0,75.792,"Mobile Web Retargeting"
1,2017-07-09,20713,544,3,0,0,4.352,"Desktop Retargeting"
3,2017-07-09,20729,233444,237,0,0,1870.8947,"Desktop Prospecting"
5,2017-07-09,9051,6556,4,0,0,9.2707,"Facebook Retargeting"
1,2017-07-09,9380,6355,13,1,141.61,19.065,"Desktop Retargeting"
1,2017-07-09,9393,25642,46,5,191.16,88.9317,"Desktop Retargeting"
6,2017-07-09,9393,752,1,0,0,2.6091,"Mobile Web Retargeting"
1,2017-07-09,9405,48198,176,33,3757.73,348.2832,"Desktop Retargeting"
6,2017-07-09,9405,7403,29,4,783.84,36.9891,"Mobile Web Retargeting"
1,2017-07-09,9458,3663,3,0,0,21.978,"Desktop Retargeting"
1,2017-07-09,9492,69264,118,4,664.54,505.0157,"Desktop Retargeting"
1,2017-07-09,9495,20149,107,2,649.98,143.6493,"Desktop Retargeting"
6,2017-07-09,9495,4302,5,0,0,18.3629,"Mobile Web Retargeting"
1,2017-07-09,9656,78551,46,0,0,446.4748,"Desktop Retargeting"
3,2017-07-09,9656,76384,58,0,0,441.8161,"Desktop Prospecting"
1,2017-07-09,9698,467356,274,12,1579.02,3563.6673,"Desktop Retargeting"
3,2017-07-09,9698,170138,103,0,0,1151.1471,"Desktop Prospecting"
6,2017-07-09,9698,58138,64,1,69,504.3824,"Mobile Web Retargeting"
1,2017-07-09,9841,29275,41,1,299.95,85.1654,"Desktop Retargeting"
5,2017-07-09,11424,18993,26,0,0,32.7529,"Facebook Retargeting"
5,2017-07-09,11479,2014,4,0,0,10.1764,"Facebook Retargeting"
5,2017-07-09,11500,61088,33,129,0,211.5767,"Facebook Retargeting"
7,2017-07-09,11500,6260,20,193,0,73.6001,"Facebook Prospecting"
8,2017-07-09,11500,6022,11,272,0,34.5648,"Instagram Prospecting"
5,2017-07-09,11568,35803,17,2,37.9,80.7295,"Facebook Retargeting"
1,2017-07-09,15756,18765,2,0,0,112.59,"Desktop Retargeting"
1,2017-07-09,15766,41490,42,2,237.94,208.614,"Desktop Retargeting"
6,2017-07-09,15766,16926,17,0,0,84.63,"Mobile Web Retargeting"
1,2017-07-09,15777,15660,4,0,0,66.5598,"Desktop Retargeting"
1,2017-07-09,15857,86490,51,7,909.99,311.5294,"Desktop Retargeting"
6,2017-07-09,15857,48137,51,3,748.79,101.4726,"Mobile Web Retargeting"
1,2017-07-09,16087,10168,29,3,354.6,50.84,"Desktop Retargeting"
1,2017-07-09,16236,16083,11,0,0,82.517,"Desktop Retargeting"
1,2017-07-09,16267,26654,5,0,0,133.27,"Desktop Retargeting"
1,2017-07-09,16484,52376,30,0,0,150.1295,"Desktop Retargeting"
6,2017-07-09,16484,12789,20,0,0,53.91,"Mobile Web Retargeting"
1,2017-07-09,16487,17515,13,1,19.97,78.8175,"Desktop Retargeting"
6,2017-07-09,16487,12296,8,0,0,61.719,"Mobile Web Retargeting"
1,2017-07-09,16620,37900,31,1,159.9,265.3,"Desktop Retargeting"
6,2017-07-09,16620,11687,22,0,0,81.809,"Mobile Web Retargeting"
1,2017-07-09,17250,11734,37,1,392.94,54.086,"Desktop Retargeting"
1,2017-07-09,17675,14562,15,0,0,58.248,"Desktop Retargeting"
1,2017-07-09,17946,6931,5,0,0,71.7558,"Desktop Retargeting"
1,2017-07-09,18080,25362,91,3,510.21,268.484,"Desktop Retargeting"
6,2017-07-09,11391,11536,12,1,0,28.84,"Mobile Web Retargeting"
1,2017-07-09,11404,28815,27,0,0,172.89,"Desktop Retargeting"
1,2017-07-09,11406,364,6,0,0,1.82,"Desktop Retargeting"
3,2017-07-09,11406,32829,315,0,0,114.9015,"Desktop Prospecting"
1,2017-07-09,11408,2481,4,0,0,9.924,"Desktop Retargeting"
1,2017-07-09,11424,13832,32,0,0,52.7415,"Desktop Retargeting"
6,2017-07-09,11424,3185,3,0,0,12.74,"Mobile Web Retargeting"
1,2017-07-09,11460,11309,11,0,0,73.5085,"Desktop Retargeting"
1,2017-07-09,11461,11902,9,1,158,65.461,"Desktop Retargeting"
6,2017-07-09,11461,4502,12,0,0,24.761,"Mobile Web Retargeting"
1,2017-07-09,11479,15790,24,0,0,61.602,"Desktop Retargeting"
1,2017-07-09,11500,50739,104,3639,0,298.208,"Desktop Retargeting"
3,2017-07-09,11500,122011,46,0,0,732.066,"Desktop Prospecting"
6,2017-07-09,11500,48692,119,1559,0,247.8395,"Mobile Web Retargeting"
1,2017-07-09,11504,42123,150,0,0,136.9033,"Desktop Retargeting"
1,2017-07-09,11517,136243,80,2,426.75,1089.944,"Desktop Retargeting"
3,2017-07-09,11517,153082,219,0,0,918.492,"Desktop Prospecting"
1,2017-07-09,11546,21376,24,2,238.03,64.128,"Desktop Retargeting"
1,2017-07-09,11561,30121,23,1,0,105.4235,"Desktop Retargeting"
1,2017-07-09,11568,8417,19,0,0,34.4035,"Desktop Retargeting"
6,2017-07-09,11568,13710,17,0,0,55.914,"Mobile Web Retargeting"
5,2017-07-09,12339,67031,208,5,747.07,94.7412,"Facebook Retargeting"
7,2017-07-09,12347,10636,23,0,0,102.1057,"Facebook Prospecting"
8,2017-07-09,12347,4667,4,0,0,68.2236,"Instagram Prospecting"
5,2017-07-09,12372,23018,26,0,0,35.859,"Facebook Retargeting"
5,2017-07-09,12373,33933,32,0,0,49.3531,"Facebook Retargeting"
7,2017-07-09,12373,41109,10,0,0,180.5528,"Facebook Prospecting"
5,2017-07-09,12389,132329,82,1,700,361.5059,"Facebook Retargeting"
5,2017-07-09,19801,9788,118,3,2152.34,68.3412,"Facebook Retargeting"
5,2017-07-09,19807,21778,135,26,1230.8,51.5928,"Facebook Retargeting"
5,2017-07-09,19808,81275,210,27,1637.27,226.2245,"Facebook Retargeting"
5,2017-07-09,19811,18318,38,4,321.19,41.7979,"Facebook Retargeting"
5,2017-07-09,19840,18555,13,0,0,13.8471,"Facebook Retargeting"
1,2017-07-09,19691,1063,4,0,0,4.252,"Desktop Retargeting"
1,2017-07-09,19703,57039,224,13,908.88,741.507,"Desktop Retargeting"
6,2017-07-09,19703,16737,68,7,517.23,217.581,"Mobile Web Retargeting"
1,2017-07-09,19749,77796,759,0,0,235.6088,"Desktop Retargeting"
1,2017-07-09,19752,3124,3,0,0,28.116,"Desktop Retargeting"
6,2017-07-09,19752,8206,28,1,8720,73.854,"Mobile Web Retargeting"
1,2017-07-09,19761,13695,10,0,0,58.2082,"Desktop Retargeting"
6,2017-07-09,19761,1521,1,1,58.05,6.4679,"Mobile Web Retargeting"
1,2017-07-09,19801,14680,14,0,0,146.8,"Desktop Retargeting"
6,2017-07-09,19801,5716,13,0,0,57.16,"Mobile Web Retargeting"
1,2017-07-09,19807,66542,308,52,4297.09,349.375,"Desktop Retargeting"
6,2017-07-09,19807,26423,85,7,282.86,145.9021,"Mobile Web Retargeting"
1,2017-09-18,9051,16,0,0,0,0.102,"Desktop Retargeting"
1,2017-07-09,12965,33237,25,2,116,131.88,"Desktop Retargeting"
6,2017-07-09,12965,15070,25,0,0,72.2375,"Mobile Web Retargeting"
1,2017-07-09,12971,25238,22,0,0,94.6511,"Desktop Retargeting"
3,2017-07-09,12971,92496,56,0,0,346.8667,"Desktop Prospecting"
6,2017-07-09,12971,16336,27,0,0,61.2623,"Mobile Web Retargeting"
1,2017-07-09,12975,9343,14,0,0,32.7005,"Desktop Retargeting"
3,2017-07-09,12975,74917,25,0,0,299.668,"Desktop Prospecting"
1,2017-07-09,12977,74800,42,3,138,305.3198,"Desktop Retargeting"
6,2017-07-09,12977,33604,57,0,0,199.9358,"Mobile Web Retargeting"
1,2017-07-09,13010,16482,35,0,0,69.3575,"Desktop Retargeting"
1,2017-07-09,13030,76169,75,3,695.76,457.014,"Desktop Retargeting"
3,2017-07-09,13030,98629,71,0,0,542.4595,"Desktop Prospecting"
1,2017-07-09,13031,4033,6,0,0,32.264,"Desktop Retargeting"
1,2017-07-09,13050,44680,22,0,0,357.44,"Desktop Retargeting"
1,2017-07-09,13060,2700,8,0,0,13.8735,"Desktop Retargeting"
1,2017-07-09,13063,30361,13,1,865.26,91.083,"Desktop Retargeting"
6,2017-07-09,13063,9622,35,0,0,38.488,"Mobile Web Retargeting"
1,2017-07-09,13068,8693,37,1,8,69.544,"Desktop Retargeting"
6,2017-07-09,13068,9810,40,0,0,78.48,"Mobile Web Retargeting"
1,2017-07-09,13069,10428,15,0,0,50.7435,"Desktop Retargeting"
1,2017-08-13,11738,176861,158,2,0,884.305,"Desktop Retargeting"
5,2017-07-09,12927,50667,360,6,3875.65,173.2352,"Facebook Retargeting"
5,2017-07-09,12965,36268,101,5,1047,64.447,"Facebook Retargeting"
5,2017-07-09,12971,8175,9,0,0,24.1412,"Facebook Retargeting"
5,2017-07-09,13116,7475,27,0,0,32.1411,"Facebook Retargeting"
5,2017-07-09,13134,16543,9,0,0,29.412,"Facebook Retargeting"
6,2017-07-09,12566,17831,29,1,137.65,89.155,"Mobile Web Retargeting"
1,2017-07-09,12569,42661,50,0,0,213.305,"Desktop Retargeting"
6,2017-07-09,12569,26045,31,0,0,130.225,"Mobile Web Retargeting"
1,2017-07-09,12576,57331,47,5,1145.4,286.655,"Desktop Retargeting"
6,2017-07-09,12576,10113,15,1,202.8,50.565,"Mobile Web Retargeting"
1,2017-07-09,12581,6279,15,1,425.09,25.116,"Desktop Retargeting"
1,2017-07-09,12586,155509,232,21,1594.92,969.4355,"Desktop Retargeting"
3,2017-07-09,12586,182201,102,1,34.99,911.005,"Desktop Prospecting"
6,2017-07-09,12586,36983,69,4,197.95,216.036,"Mobile Web Retargeting"
1,2017-07-09,12590,10926,9,0,0,54.63,"Desktop Retargeting"
1,2017-07-09,12591,10978,23,2,389.85,38.0539,"Desktop Retargeting"
1,2017-07-09,12592,136177,166,8,892.5,693.8667,"Desktop Retargeting"
6,2017-07-09,12592,29370,59,1,83.99,141.9583,"Mobile Web Retargeting"
1,2017-07-09,12593,11608,25,1,31.5,53.9948,"Desktop Retargeting"
6,2017-07-09,12593,1047,3,0,0,4.2104,"Mobile Web Retargeting"
1,2017-07-09,12594,19463,25,1,53.4,86.9393,"Desktop Retargeting"
1,2017-07-09,12596,8580,38,0,0,45.6347,"Desktop Retargeting"
1,2017-07-09,12597,71034,26,1,700,309.714,"Desktop Retargeting"
5,2017-07-09,11738,24522,32,0,0,96.6001,"Facebook Retargeting"
7,2017-07-09,11738,9424,12,0,0,33.8942,"Facebook Prospecting"
5,2017-07-09,11856,9800,18,1,24.5,25.8,"Facebook Retargeting"
5,2017-07-09,11885,115964,105,4,0,387.7528,"Facebook Retargeting"
7,2017-07-09,11891,7714,5,2,97.07,115.0706,"Facebook Prospecting"
8,2017-07-09,11891,430,0,0,0,6.0589,"Instagram Prospecting"
5,2017-07-09,11926,10901,12,1,200,13.2353,"Facebook Retargeting"
1,2017-07-09,18192,4593,15,2,65.46,55.116,"Desktop Retargeting"
6,2017-07-09,18192,8125,13,0,0,87.796,"Mobile Web Retargeting"
1,2017-07-09,18313,13514,20,0,0,82.449,"Desktop Retargeting"
1,2017-07-09,18351,16263,28,1,352.25,81.315,"Desktop Retargeting"
1,2017-07-09,18395,23235,38,4,309.75,278.82,"Desktop Retargeting"
6,2017-07-09,18395,17208,34,3,218.5,206.496,"Mobile Web Retargeting"
1,2017-07-09,18961,2750,6,0,0,16.681,"Desktop Retargeting"
1,2017-07-09,19036,41,1,0,0,0.2059,"Desktop Retargeting"
1,2017-07-09,19277,23516,26,0,0,65.4321,"Desktop Retargeting"
6,2017-07-09,19277,389,1,0,0,0.4882,"Mobile Web Retargeting"
1,2017-07-09,19287,12634,10,0,0,101.072,"Desktop Retargeting"
6,2017-07-09,19287,12232,11,0,0,97.856,"Mobile Web Retargeting"
1,2017-07-09,19382,12312,13,0,0,123.12,"Desktop Retargeting"
1,2017-07-09,19422,4,0,0,0,0.04,"Desktop Retargeting"
1,2017-07-09,19430,9692,9,1,589,96.92,"Desktop Retargeting"
1,2017-07-09,19432,21887,38,0,0,109.435,"Desktop Retargeting"
6,2017-07-09,19432,5713,8,0,0,28.565,"Mobile Web Retargeting"
1,2017-07-09,19433,9693,10,0,0,48.465,"Desktop Retargeting"
6,2017-07-09,19433,3381,7,0,0,16.905,"Mobile Web Retargeting"
1,2017-07-09,19436,11395,13,2,169.7,113.1979,"Desktop Retargeting"
1,2017-09-18,12517,734,18,0,0,3.1318,"Desktop Retargeting"
1,2017-07-09,11592,7126,29,2,251,42.756,"Desktop Retargeting"
3,2017-07-09,11592,73988,68,0,0,443.928,"Desktop Prospecting"
1,2017-07-09,11602,8526,18,0,0,55.419,"Desktop Retargeting"
1,2017-07-09,11605,12442,33,0,0,68.431,"Desktop Retargeting"
6,2017-07-09,11605,7392,17,0,0,40.656,"Mobile Web Retargeting"
1,2017-07-09,11618,8832,3,0,0,75.454,"Desktop Retargeting"
1,2017-07-09,11630,176804,78,0,0,1362.742,"Desktop Retargeting"
3,2017-07-09,11630,205988,72,0,0,720.958,"Desktop Prospecting"
1,2017-07-09,11636,10317,7,0,0,52.684,"Desktop Retargeting"
6,2017-07-09,11636,4496,2,0,0,22.48,"Mobile Web Retargeting"
1,2017-07-09,11649,40586,134,7,1062.45,234.1847,"Desktop Retargeting"
6,2017-07-09,11649,12785,13,2,96.9,76.7559,"Mobile Web Retargeting"
1,2017-07-09,11653,58447,33,0,0,204.5645,"Desktop Retargeting"
3,2017-07-09,11653,118094,59,0,0,354.282,"Desktop Prospecting"
1,2017-07-09,11663,120038,125,3,50.97,420.133,"Desktop Retargeting"
1,2017-07-09,11686,23321,15,0,0,106.3038,"Desktop Retargeting"
6,2017-07-09,11686,25828,9,1,14.99,109.0027,"Mobile Web Retargeting"
1,2017-07-09,11695,10998,45,1,649,65.988,"Desktop Retargeting"
1,2017-07-09,11717,20017,13,2,19.95,85.0745,"Desktop Retargeting"
1,2017-07-09,9989,243362,124,3,119.7,1202.447,"Desktop Retargeting"
6,2017-07-09,9989,70473,107,1,0,431.5312,"Mobile Web Retargeting"
1,2017-07-09,10001,6890,25,1,57.87,25.199,"Desktop Retargeting"
6,2017-07-09,10001,1583,7,0,0,8.0705,"Mobile Web Retargeting"
1,2017-07-09,10046,5110,7,0,0,20.44,"Desktop Retargeting"
3,2017-07-09,10046,526098,309,3,527.66,2028.1361,"Desktop Prospecting"
6,2017-07-09,10046,6614,6,0,0,26.456,"Mobile Web Retargeting"
1,2017-07-09,10047,3119,2,0,0,12.476,"Desktop Retargeting"
3,2017-07-09,10047,167566,94,0,0,633.2253,"Desktop Prospecting"
6,2017-07-09,10047,3813,3,0,0,15.252,"Mobile Web Retargeting"
1,2017-07-09,10051,10878,5,0,0,43.512,"Desktop Retargeting"
1,2017-07-09,10104,850236,379,32,3415.87,2759.7885,"Desktop Retargeting"
6,2017-07-09,10104,187486,184,0,0,589.8693,"Mobile Web Retargeting"
1,2017-07-09,10129,37926,462,2,100,303.408,"Desktop Retargeting"
3,2017-07-09,10129,7349,7,0,0,58.792,"Desktop Prospecting"
1,2017-07-09,10136,16182,11,0,0,80.91,"Desktop Retargeting"
1,2017-07-09,10168,254217,374,13,661.66,2239.2896,"Desktop Retargeting"
1,2017-07-09,10170,102797,95,4,160.17,1130.7705,"Desktop Retargeting"
1,2017-07-09,10171,4616,10,1,11.59,37.1805,"Desktop Retargeting"
7,2017-08-13,20729,36851,335,0,0,298.6152,"Facebook Prospecting"
6,2017-07-09,12069,16634,32,0,0,103.0347,"Mobile Web Retargeting"
1,2017-07-09,12077,1927,1,0,0,15.416,"Desktop Retargeting"
1,2017-07-09,12078,19875,21,1,99,119.25,"Desktop Retargeting"
6,2017-07-09,12078,3290,4,0,0,19.74,"Mobile Web Retargeting"
1,2017-07-09,12082,10670,25,0,0,60.5795,"Desktop Retargeting"
6,2017-07-09,12082,4311,8,0,0,12.5495,"Mobile Web Retargeting"
1,2017-07-09,12097,180173,228,10,559,1171.1245,"Desktop Retargeting"
3,2017-07-09,12097,124266,135,6,404,807.729,"Desktop Prospecting"
6,2017-07-09,12097,36446,51,0,0,236.899,"Mobile Web Retargeting"
1,2017-07-09,12098,3730,13,0,0,11.19,"Desktop Retargeting"
1,2017-07-09,12101,1214,14,0,0,13.4377,"Desktop Retargeting"
1,2017-07-09,12102,1642,3,0,0,13.167,"Desktop Retargeting"
1,2017-07-09,12103,86704,87,2,85.65,762.0565,"Desktop Retargeting"
1,2017-07-09,12104,40852,50,7,248.17,361.1935,"Desktop Retargeting"
1,2017-07-09,12105,6487,10,0,0,58.799,"Desktop Retargeting"
1,2017-07-09,12106,17368,28,0,0,156.6321,"Desktop Retargeting"
1,2017-07-09,12107,4447,18,0,0,35.6485,"Desktop Retargeting"
1,2017-07-09,12108,2524,19,0,0,22.295,"Desktop Retargeting"
1,2017-07-09,12109,15289,48,0,0,134.4571,"Desktop Retargeting"
1,2017-07-09,12110,2709,20,0,0,23.6734,"Desktop Retargeting"
1,2017-07-09,19808,145333,323,58,4229.34,828.3959,"Desktop Retargeting"
6,2017-07-09,19808,63916,127,27,1826.58,388.3278,"Mobile Web Retargeting"
1,2017-07-09,19809,57864,158,15,1084.61,342.1502,"Desktop Retargeting"
6,2017-07-09,19809,12625,27,1,17.58,63.8675,"Mobile Web Retargeting"
1,2017-07-09,19811,8528,35,4,345.94,52.268,"Desktop Retargeting"
6,2017-07-09,19811,8056,16,2,138.55,44.9257,"Mobile Web Retargeting"
3,2017-07-09,19813,43840,41,10,556.5,350.72,"Desktop Prospecting"
1,2017-07-09,19821,12782,23,3,0,102.256,"Desktop Retargeting"
6,2017-07-09,19821,3893,17,3,0,31.144,"Mobile Web Retargeting"
1,2017-07-09,19831,2264,6,0,0,22.64,"Desktop Retargeting"
6,2017-07-09,19831,7347,19,0,0,73.47,"Mobile Web Retargeting"
1,2017-07-09,19840,2088,4,0,0,16.704,"Desktop Retargeting"
3,2017-07-09,19889,177279,41,0,0,1127.0218,"Desktop Prospecting"
1,2017-07-09,19892,35618,62,0,0,223.7605,"Desktop Retargeting"
6,2017-07-09,19892,5237,6,0,0,34.889,"Mobile Web Retargeting"
1,2017-07-09,19899,2672,7,0,0,32.064,"Desktop Retargeting"
1,2017-07-09,19932,10251,26,3,184.54,75.444,"Desktop Retargeting"
5,2017-07-09,20002,80216,125,7,251,99.7649,"Facebook Retargeting"
3,2017-08-13,11738,62939,36,0,0,314.695,"Desktop Prospecting"
1,2017-07-09,12598,82011,88,4,247,346.2015,"Desktop Retargeting"
3,2017-07-09,12598,500250,257,6,327.4,1900.6725,"Desktop Prospecting"
6,2017-07-09,12598,23119,33,1,75.6,99.4903,"Mobile Web Retargeting"
1,2017-07-09,12599,3286,28,0,0,16.9443,"Desktop Retargeting"
6,2017-07-09,12599,1344,3,0,0,4.9263,"Mobile Web Retargeting"
1,2017-07-09,12600,1206,4,0,0,3.9607,"Desktop Retargeting"
1,2017-07-09,12601,45474,48,10,606.2,212.2328,"Desktop Retargeting"
6,2017-07-09,12601,9440,18,1,179.84,45.0491,"Mobile Web Retargeting"
1,2017-07-09,12602,260,7,0,0,0.782,"Desktop Retargeting"
1,2017-07-09,12603,72353,107,3,243.44,360.0989,"Desktop Retargeting"
6,2017-07-09,12603,16570,44,1,64.99,81.003,"Mobile Web Retargeting"
1,2017-07-09,12604,248,12,0,0,0.75,"Desktop Retargeting"
1,2017-07-09,12605,253,5,0,0,0.821,"Desktop Retargeting"
1,2017-07-09,12606,30966,61,1,130,138.2037,"Desktop Retargeting"
3,2017-07-09,12606,17503,14,0,0,102.6119,"Desktop Prospecting"
6,2017-07-09,12606,17792,25,0,0,79.7778,"Mobile Web Retargeting"
1,2017-07-09,12607,204429,280,11,1204.56,1034.1753,"Desktop Retargeting"
3,2017-07-09,12607,54366,34,0,0,341.2102,"Desktop Prospecting"
6,2017-07-09,12607,46792,92,1,125.92,219.0709,"Mobile Web Retargeting"
1,2017-07-09,13073,30311,10,1,108,90.933,"Desktop Retargeting"
1,2017-07-09,13077,645,1,0,0,5.805,"Desktop Retargeting"
1,2017-07-09,13092,20273,14,0,0,111.5015,"Desktop Retargeting"
1,2017-07-09,13097,9164,8,0,0,42.9765,"Desktop Retargeting"
1,2017-07-09,13116,19558,19,3,302.5,127.127,"Desktop Retargeting"
1,2017-07-09,13121,32132,13,0,0,76.728,"Desktop Retargeting"
1,2017-07-09,13134,17482,14,0,0,69.928,"Desktop Retargeting"
6,2017-07-09,13134,9550,7,0,0,38.2,"Mobile Web Retargeting"
1,2017-07-09,13158,1014,11,0,0,4.406,"Desktop Retargeting"
1,2017-07-09,13165,9874,16,0,0,44.704,"Desktop Retargeting"
6,2017-07-09,13165,12702,28,1,70,55.53,"Mobile Web Retargeting"
1,2017-07-09,13173,39218,63,3,148.8,235.308,"Desktop Retargeting"
1,2017-07-09,13179,411,3,0,0,2.922,"Desktop Retargeting"
1,2017-07-09,13180,22467,15,0,0,101.1015,"Desktop Retargeting"
6,2017-07-09,13180,63160,65,1,42.99,221.06,"Mobile Web Retargeting"
1,2017-07-09,13227,47021,134,0,0,47.021,"Desktop Retargeting"
1,2017-07-09,13236,22003,37,0,0,110.015,"Desktop Retargeting"
1,2017-07-09,13238,488,7,0,0,2.44,"Desktop Retargeting"
1,2017-07-09,13249,32720,105,25,6475.89,261.76,"Desktop Retargeting"
1,2017-07-09,13270,6059,25,2,129.98,28.8855,"Desktop Retargeting"
5,2017-07-09,13236,22679,25,0,0,46.7527,"Facebook Retargeting"
5,2017-07-09,13238,3038,5,0,0,24.5999,"Facebook Retargeting"
5,2017-07-09,13312,23028,20,0,0,15,"Facebook Retargeting"
7,2017-07-09,13312,106143,263,16,922.26,689.8353,"Facebook Prospecting"
5,2017-07-09,13372,19427,44,0,0,51.8346,"Facebook Retargeting"
5,2017-07-09,13945,12770,12,0,0,34.2004,"Facebook Retargeting"
5,2017-07-09,14153,91678,75,4,1585.73,146.2588,"Facebook Retargeting"
5,2017-07-09,14265,17524,35,0,0,14.3884,"Facebook Retargeting"
5,2017-07-09,15189,42407,144,0,0,190.7178,"Facebook Retargeting"
7,2017-07-09,15189,94986,64,0,0,422.3879,"Facebook Prospecting"
8,2017-07-09,15189,6072,70,0,0,85.1294,"Instagram Prospecting"
5,2017-07-09,15663,6175,26,0,0,9.447,"Facebook Retargeting"
5,2017-07-09,15710,3966,2,0,0,2.8707,"Facebook Retargeting"
5,2017-07-09,12540,53222,90,0,0,48.4707,"Facebook Retargeting"
5,2017-07-09,12586,84198,2465,47,3171.06,1189.259,"Facebook Retargeting"
7,2017-07-09,12586,340804,419,3,212.8,2302.4469,"Facebook Prospecting"
5,2017-07-09,9218,3597,17,0,0,2.7766,"Facebook Retargeting"
5,2017-07-09,9300,1229976,4916,119,406012.35,323.4824,"Facebook Retargeting"
7,2017-07-09,9300,208001,248,9,1484.52,328.1411,"Facebook Prospecting"
5,2017-07-09,9656,17120,30,0,0,84.9704,"Facebook Retargeting"
5,2017-07-09,9698,77306,290,4,616,718.3157,"Facebook Retargeting"
7,2017-07-09,9698,81027,35,0,0,295.7505,"Facebook Prospecting"
5,2017-07-09,10046,291219,359,4,426,552.8001,"Facebook Retargeting"
5,2017-07-09,10047,57353,58,0,0,126.3529,"Facebook Retargeting"
5,2017-07-09,11949,11308,16,1,299.99,54.1954,"Facebook Retargeting"
5,2017-07-09,11964,251979,1915,11,3833.08,190.7881,"Facebook Retargeting"
5,2017-07-09,11995,5601,5,0,0,28.3516,"Facebook Retargeting"
5,2017-07-09,12097,685,3,7,627.9,2.2353,"Facebook Retargeting"
7,2017-07-09,12097,13553,40,2,197,252.1648,"Facebook Prospecting"
5,2017-07-09,12102,4169,4,0,0,15.0116,"Facebook Retargeting"
5,2017-07-09,12103,38100,16,0,0,123.5881,"Facebook Retargeting"
5,2017-07-09,12104,94743,39,0,0,249.1885,"Facebook Retargeting"
6,2017-07-09,19436,9728,24,0,0,70.0433,"Mobile Web Retargeting"
1,2017-07-09,19441,51233,411,123,28893.47,409.864,"Desktop Retargeting"
3,2017-07-09,19441,22312,7,0,0,178.496,"Desktop Prospecting"
6,2017-07-09,19441,13022,60,2,113.48,104.176,"Mobile Web Retargeting"
1,2017-07-09,19463,3391,5,1,49.8,40.692,"Desktop Retargeting"
6,2017-07-09,19463,3750,4,0,0,45,"Mobile Web Retargeting"
1,2017-07-09,19477,167525,342,22,10753.53,2010.3,"Desktop Retargeting"
6,2017-07-09,19477,49169,84,2,1762.31,590.028,"Mobile Web Retargeting"
1,2017-07-09,19483,5456,8,0,0,52.597,"Desktop Retargeting"
1,2017-07-09,19505,19,2,0,0,0.095,"Desktop Retargeting"
6,2017-07-09,19505,7876,11,0,0,39.38,"Mobile Web Retargeting"
1,2017-07-09,19523,99261,232,5,1460.38,529.1071,"Desktop Retargeting"
6,2017-07-09,19523,17085,62,0,0,86.3038,"Mobile Web Retargeting"
1,2017-07-09,19524,13642,4,4,120,136.42,"Desktop Retargeting"
6,2017-07-09,19524,2287,4,0,0,22.87,"Mobile Web Retargeting"
1,2017-07-09,19525,1237,9,0,0,8.5464,"Desktop Retargeting"
6,2017-07-09,19525,3536,24,0,0,22.6013,"Mobile Web Retargeting"
6,2017-07-09,11717,10102,16,0,0,42.9362,"Mobile Web Retargeting"
1,2017-07-09,11723,69929,54,3,49,559.432,"Desktop Retargeting"
1,2017-07-09,11735,95591,35,0,0,197.7589,"Desktop Retargeting"
6,2017-07-09,11735,18940,29,0,0,76.1152,"Mobile Web Retargeting"
1,2017-07-09,11738,189954,166,3,0,949.77,"Desktop Retargeting"
3,2017-07-09,11738,70043,36,0,0,350.215,"Desktop Prospecting"
1,2017-07-09,11740,25557,35,0,0,104.8605,"Desktop Retargeting"
6,2017-07-09,11740,1913,6,0,0,9.565,"Mobile Web Retargeting"
1,2017-07-09,11748,1771,13,1,500.25,4.8597,"Desktop Retargeting"
1,2017-07-09,11806,46294,52,2,641.12,206.188,"Desktop Retargeting"
1,2017-07-09,11807,88452,131,16,4060.8,370.776,"Desktop Retargeting"
1,2017-07-09,11828,15149,125,13,699.77,64.263,"Desktop Retargeting"
1,2017-07-09,11846,54276,36,3,179160,162.828,"Desktop Retargeting"
6,2017-07-09,11846,3556,18,0,0,10.668,"Mobile Web Retargeting"
1,2017-07-09,11850,597096,857,33,3166.58,3582.576,"Desktop Retargeting"
6,2017-07-09,11850,221088,217,6,654.14,1326.528,"Mobile Web Retargeting"
6,2017-07-09,19932,2765,7,1,0,22.12,"Mobile Web Retargeting"
1,2017-07-09,20002,14495,22,4,156,127.108,"Desktop Retargeting"
6,2017-07-09,20002,13606,14,0,0,108.848,"Mobile Web Retargeting"
1,2017-07-09,20010,13802,17,0,0,60.5009,"Desktop Retargeting"
6,2017-07-09,20010,3390,4,0,0,15.2513,"Mobile Web Retargeting"
1,2017-07-09,20058,6669,5,0,0,66.69,"Desktop Retargeting"
6,2017-07-09,20058,6633,7,0,0,66.33,"Mobile Web Retargeting"
1,2017-07-09,20125,1648,0,0,0,16.48,"Desktop Retargeting"
6,2017-07-09,20125,1858,4,0,0,18.58,"Mobile Web Retargeting"
1,2017-07-09,12112,1831,2,0,0,14.6925,"Desktop Retargeting"
1,2017-07-09,12113,6497,21,0,0,58.5822,"Desktop Retargeting"
1,2017-07-09,12116,74680,38,2,170.91,666.7345,"Desktop Retargeting"
1,2017-07-09,12117,6618,17,0,0,59.562,"Desktop Retargeting"
1,2017-07-09,12120,1248,21,0,0,10.9971,"Desktop Retargeting"
1,2017-07-09,12121,183,7,0,0,1.6826,"Desktop Retargeting"
1,2017-07-09,12123,859,10,0,0,6.8792,"Desktop Retargeting"
1,2017-07-09,12124,680,2,1,12,5.9658,"Desktop Retargeting"
1,2017-07-09,12125,6207,13,1,40,55.9619,"Desktop Retargeting"
1,2017-07-09,12127,4457,23,0,0,39.2562,"Desktop Retargeting"
1,2017-07-09,12128,40,0,0,0,0.247,"Desktop Retargeting"
6,2017-07-09,12128,14924,11,0,0,29.2128,"Mobile Web Retargeting"
1,2017-07-09,12131,29583,55,0,0,192.2895,"Desktop Retargeting"
1,2017-07-09,12134,21225,22,2,35.4,153.48,"Desktop Retargeting"
6,2017-07-09,12134,2316,7,0,0,23.16,"Mobile Web Retargeting"
1,2017-07-09,12137,42501,20,2,110.35,151.4025,"Desktop Retargeting"
6,2017-07-09,12137,6002,7,0,0,18.006,"Mobile Web Retargeting"
1,2017-07-09,12145,32881,26,0,0,213.7265,"Desktop Retargeting"
1,2017-07-09,12161,24467,26,2,327.59,107.997,"Desktop Retargeting"
1,2017-07-09,12171,3477,10,1,2700,22.6005,"Desktop Retargeting"
5,2017-07-09,20232,32600,86,1,9.95,140.0942,"Facebook Retargeting"
7,2017-07-09,20232,2416,16,1,19.95,36.6706,"Facebook Prospecting"
5,2017-07-09,20320,9577,21,1,243,29.9529,"Facebook Retargeting"
5,2017-07-09,20336,22913,50,2,183.23,159.9764,"Facebook Retargeting"
1,2017-07-09,10172,2380,9,3,193.9,19.2975,"Desktop Retargeting"
1,2017-07-09,10173,10095,32,0,0,91.1153,"Desktop Retargeting"
1,2017-07-09,10174,31426,46,0,0,283.178,"Desktop Retargeting"
1,2017-07-09,10178,75551,198,4,1160.68,528.857,"Desktop Retargeting"
1,2017-07-09,10324,19204,13,1,30.9,88.075,"Desktop Retargeting"
1,2017-07-09,10343,13943,18,1,40.59,126.287,"Desktop Retargeting"
1,2017-07-09,10460,8099,10,3,185,72.891,"Desktop Retargeting"
6,2017-07-09,10460,1982,9,0,0,17.838,"Mobile Web Retargeting"
1,2017-07-09,10469,28981,16,0,0,86.943,"Desktop Retargeting"
1,2017-07-09,10493,93493,214,17,1234.4,280.479,"Desktop Retargeting"
6,2017-07-09,10493,17125,34,0,0,64.2235,"Mobile Web Retargeting"
1,2017-07-09,10504,161820,263,8,11653.33,970.92,"Desktop Retargeting"
1,2017-07-09,10525,2283,6,0,0,18.4677,"Desktop Retargeting"
1,2017-07-09,10588,15487,35,1,42.38,46.461,"Desktop Retargeting"
1,2017-07-09,10597,153421,333,9,1113.89,920.526,"Desktop Retargeting"
5,2017-07-09,16087,15799,118,0,0,36.8353,"Facebook Retargeting"
5,2017-07-09,17946,12835,39,0,0,47.1642,"Facebook Retargeting"
5,2017-07-09,18080,112143,671,1,415,69.6471,"Facebook Retargeting"
5,2017-07-09,18192,254763,481,11,480.21,455.2468,"Facebook Retargeting"
7,2017-07-09,18192,100363,272,2,76.12,424.8937,"Facebook Prospecting"
8,2017-07-09,18192,115547,690,16,578.33,493.6469,"Instagram Prospecting"
5,2017-07-09,12591,8862,43,0,0,18.662,"Facebook Retargeting"
5,2017-07-09,12592,184401,670,11,1197.97,421.831,"Facebook Retargeting"
5,2017-07-09,12593,7018,55,2,117.75,39.398,"Facebook Retargeting"
5,2017-07-09,12594,21098,72,1,51.99,44.828,"Facebook Retargeting"
5,2017-07-09,12596,9552,33,0,0,15.432,"Facebook Retargeting"
5,2017-07-09,12598,72515,46,4,141.6,208.225,"Facebook Retargeting"
5,2017-07-09,12599,3873,26,0,0,9.993,"Facebook Retargeting"
5,2017-07-09,12601,82376,274,12,668.08,250.996,"Facebook Retargeting"
8,2017-07-09,12601,763,0,0,0,2.703,"Instagram Prospecting"
5,2017-07-09,12603,118063,1084,21,2114.88,278.423,"Facebook Retargeting"
5,2017-07-09,12606,76932,334,1,63,164.182,"Facebook Retargeting"
7,2017-07-09,12606,45817,31,1,120,157.787,"Facebook Prospecting"
8,2017-07-09,12606,6661,12,2,121.8,48.571,"Instagram Prospecting"
5,2017-07-09,10104,170331,109,12,1042.2,172.3292,"Facebook Retargeting"
7,2017-07-09,10104,106076,69,4,3.98,301.7413,"Facebook Prospecting"
5,2017-07-09,10129,10641,4,0,0,43.0707,"Facebook Retargeting"
5,2017-07-09,10168,723401,513,2,40.9,1809.5655,"Facebook Retargeting"
5,2017-07-09,10170,296384,34,1,11.59,137.5647,"Facebook Retargeting"
5,2017-07-09,10171,1977,0,0,0,7.0235,"Facebook Retargeting"
5,2017-07-09,10172,87083,46,0,0,207.153,"Facebook Retargeting"
5,2017-07-09,10173,12183,18,0,0,77.6471,"Facebook Retargeting"
5,2017-07-09,10174,12052,2,0,0,34.7885,"Facebook Retargeting"
5,2017-07-09,10343,327920,244,0,0,397.9882,"Facebook Retargeting"
5,2017-07-09,10460,22299,34,0,0,75.3295,"Facebook Retargeting"
7,2017-07-09,10493,39725,91,1,27.99,156.3884,"Facebook Prospecting"
5,2017-07-09,10525,58932,34,0,0,68.0119,"Facebook Retargeting"
5,2017-07-09,10685,16059,16,0,0,29.1414,"Facebook Retargeting"
1,2017-07-09,12187,130087,182,20,1509.91,780.522,"Desktop Retargeting"
6,2017-07-09,12187,56364,115,6,286.96,309.987,"Mobile Web Retargeting"
1,2017-07-09,12203,4057,19,0,0,13.662,"Desktop Retargeting"
1,2017-07-09,12207,43606,48,3,545.95,261.636,"Desktop Retargeting"
3,2017-07-09,12207,23419,11,0,0,140.514,"Desktop Prospecting"
6,2017-07-09,12207,30768,40,0,0,153.84,"Mobile Web Retargeting"
1,2017-07-09,12208,3319,8,1,0,21.5735,"Desktop Retargeting"
1,2017-07-09,12228,10806,17,0,0,46.6203,"Desktop Retargeting"
1,2017-07-09,12231,86360,111,8,495.33,431.8,"Desktop Retargeting"
3,2017-07-09,12231,58503,44,0,0,292.515,"Desktop Prospecting"
6,2017-07-09,12231,17321,21,1,4.89,86.605,"Mobile Web Retargeting"
3,2017-07-09,12232,547056,331,7,1127.94,2188.224,"Desktop Prospecting"
1,2017-07-09,12242,10100,34,5,202.39,30.412,"Desktop Retargeting"
6,2017-07-09,12242,1110,8,1,3.49,2.198,"Mobile Web Retargeting"
1,2017-07-09,12255,65573,32,0,0,327.865,"Desktop Retargeting"
1,2017-07-09,12260,28831,27,0,0,129.7395,"Desktop Retargeting"
6,2017-07-09,12260,4464,7,0,0,15.7855,"Mobile Web Retargeting"
1,2017-07-09,12274,12445,20,6,1468,74.67,"Desktop Retargeting"
1,2017-09-18,11995,23371,28,0,0,131.2431,"Desktop Retargeting"
1,2017-07-09,12608,21875,49,1,120,119.0718,"Desktop Retargeting"
6,2017-07-09,12608,8906,20,0,0,46.183,"Mobile Web Retargeting"
1,2017-07-09,12610,8541,10,0,0,31.12,"Desktop Retargeting"
5,2017-09-18,14153,89222,37,7,594.15,153.153,"Facebook Retargeting"
5,2017-09-18,15189,88,3,0,0,0.5059,"Facebook Retargeting"
7,2017-09-18,15189,20019,84,0,0,259.0353,"Facebook Prospecting"
5,2017-09-18,15710,6070,0,0,0,5.3765,"Facebook Retargeting"
5,2017-09-18,16484,7343,29,2,101.77,87.706,"Facebook Retargeting"
7,2017-09-18,16484,8768,51,2,219.82,77.5763,"Facebook Prospecting"
1,2017-07-09,20154,39348,57,11,404,378.6433,"Desktop Retargeting"
6,2017-07-09,20154,16240,23,0,0,138.4923,"Mobile Web Retargeting"
1,2017-07-09,20232,5614,13,0,0,56.14,"Desktop Retargeting"
6,2017-07-09,20232,5857,8,0,0,35.142,"Mobile Web Retargeting"
1,2017-07-09,20241,3501,42,0,0,21.006,"Desktop Retargeting"
1,2017-07-09,20242,3001,35,0,0,18.006,"Desktop Retargeting"
1,2017-07-09,20279,19354,40,1,11.02,154.832,"Desktop Retargeting"
3,2017-07-09,20279,38164,5,0,0,305.312,"Desktop Prospecting"
1,2017-07-09,20310,2142,7,0,0,12.039,"Desktop Retargeting"
1,2017-07-09,20311,10049,36,2,784.15,80.392,"Desktop Retargeting"
1,2017-07-09,20314,8888,13,0,0,68.12,"Desktop Retargeting"
6,2017-07-09,20314,2156,8,0,0,17.248,"Mobile Web Retargeting"
6,2017-09-18,19525,3391,13,0,0,16.5834,"Mobile Web Retargeting"
1,2017-09-18,19548,17184,92,19,1248.03,109.1201,"Desktop Retargeting"
6,2017-09-18,19548,4919,49,4,239.84,30.2591,"Mobile Web Retargeting"
5,2017-07-09,20365,5869,10,1,1287,21.707,"Facebook Retargeting"
5,2017-07-09,20379,5079,36,0,0,3.8001,"Facebook Retargeting"
5,2017-07-09,20427,3487,2,0,0,32.9764,"Facebook Retargeting"
5,2017-07-09,20483,11589,12,0,0,54.2588,"Facebook Retargeting"
7,2017-07-09,20483,61064,484,5,1995,1035.2002,"Facebook Prospecting"
5,2017-07-09,20648,1101,6,0,0,1.6825,"Facebook Retargeting"
5,2017-07-09,20654,6170,11,0,0,23.0823,"Facebook Retargeting"
7,2017-07-09,20677,5019,47,0,0,85.9648,"Facebook Prospecting"
8,2017-07-09,20677,1180,27,0,0,23.2353,"Instagram Prospecting"
7,2017-07-09,20729,18135,22,0,0,132.8305,"Facebook Prospecting"
5,2017-07-09,19436,26220,40,0,0,113.5954,"Facebook Retargeting"
5,2017-07-09,19441,349927,2092,33,6023.48,707.5999,"Facebook Retargeting"
5,2017-07-09,19524,63617,36,0,0,65.506,"Facebook Retargeting"
6,2017-09-18,20648,13034,41,1,338,130.34,"Mobile Web Retargeting"
1,2017-09-18,20654,2919,18,1,95,23.352,"Desktop Retargeting"
6,2017-09-18,20654,2888,5,0,0,23.104,"Mobile Web Retargeting"
3,2017-09-18,20677,2533,85,0,0,10.132,"Desktop Prospecting"
1,2017-09-18,20681,2376,32,0,0,23.76,"Desktop Retargeting"
1,2017-09-18,20694,40906,86,21,1161.94,368.154,"Desktop Retargeting"
6,2017-09-18,20694,14650,16,1,101.91,131.85,"Mobile Web Retargeting"
1,2017-09-18,20695,26403,57,5,159.48,237.627,"Desktop Retargeting"
6,2017-09-18,20695,20456,37,0,0,184.104,"Mobile Web Retargeting"
5,2017-07-09,12607,288390,870,13,1036.22,1066.82,"Facebook Retargeting"
7,2017-07-09,12607,60716,96,0,0,353.896,"Facebook Prospecting"
8,2017-07-09,12607,18173,24,0,0,92.803,"Instagram Prospecting"
5,2017-07-09,12608,32465,130,1,130,88.465,"Facebook Retargeting"
5,2017-07-09,12616,15344,5,0,0,7.1646,"Facebook Retargeting"
5,2017-08-13,20736,44126,1152,11,250.03,181.0588,"Facebook Retargeting"
5,2017-08-13,20876,41530,293,8,439.4,628.2352,"Facebook Retargeting"
5,2017-07-09,12107,33514,17,0,0,62.4235,"Facebook Retargeting"
5,2017-07-09,12112,23501,17,0,0,57.7998,"Facebook Retargeting"
1,2017-09-18,12961,101935,105,7,208.82,611.61,"Desktop Retargeting"
3,2017-09-18,12961,85456,31,1,30.94,341.824,"Desktop Prospecting"
6,2017-09-18,12961,20628,25,1,29.98,123.768,"Mobile Web Retargeting"
1,2017-09-18,12965,27651,48,2,249.5,177.1655,"Desktop Retargeting"
6,2017-09-18,12965,6145,6,0,0,37.575,"Mobile Web Retargeting"
1,2017-09-18,12971,40598,32,0,0,152.2502,"Desktop Retargeting"
3,2017-09-18,12971,110089,50,0,0,412.8401,"Desktop Prospecting"
6,2017-09-18,12971,24241,18,0,0,90.9059,"Mobile Web Retargeting"
1,2017-09-18,12977,50535,33,1,60,200.924,"Desktop Retargeting"
6,2017-09-18,12977,24805,25,1,60,83.2396,"Mobile Web Retargeting"
1,2017-09-18,13010,18797,35,1,374.8,75.3685,"Desktop Retargeting"
5,2017-07-09,10738,43374,34,0,0,87.0706,"Facebook Retargeting"
1,2017-09-18,10951,6025,34,0,0,35.2002,"Desktop Retargeting"
1,2017-09-18,10970,53,4,0,0,0.212,"Desktop Retargeting"
6,2017-09-18,10970,2505,1,0,0,16.2825,"Mobile Web Retargeting"
1,2017-09-18,10972,86,0,0,0,0.344,"Desktop Retargeting"
1,2017-09-18,10976,4,0,0,0,0.0076,"Desktop Retargeting"
6,2017-09-18,10976,1,0,0,0,0.0019,"Mobile Web Retargeting"
1,2017-09-18,11101,68431,98,2,889.65,444.8015,"Desktop Retargeting"
6,2017-09-18,11101,2690,0,0,0,17.485,"Mobile Web Retargeting"
1,2017-09-18,11117,10883,23,8,1823.49,31.3665,"Desktop Retargeting"
1,2017-09-18,11152,1268443,1027,210,14187.94,8244.8795,"Desktop Retargeting"
3,2017-07-09,10597,48968,4,0,0,293.808,"Desktop Prospecting"
6,2017-07-09,10597,61973,234,4,298.92,433.811,"Mobile Web Retargeting"
1,2017-07-09,10626,9067,17,1,312.11,30.427,"Desktop Retargeting"
1,2017-07-09,10649,29229,9,1,70.28,102.3015,"Desktop Retargeting"
6,2017-07-09,10649,24449,33,2,95,85.5715,"Mobile Web Retargeting"
1,2017-07-09,10685,1081,8,0,0,9.5789,"Desktop Retargeting"
1,2017-07-09,10689,16264,31,0,0,48.792,"Desktop Retargeting"
1,2017-07-09,10714,345706,216,62,47791.63,1913.3,"Desktop Retargeting"
1,2017-07-09,10729,5603,18,4,559.45,20.2101,"Desktop Retargeting"
1,2017-07-09,10730,203989,204,35,1936.95,1266.6482,"Desktop Retargeting"
1,2017-07-09,10738,116957,76,17,5865.43,409.3495,"Desktop Retargeting"
6,2017-07-09,10738,7307,7,0,0,25.5745,"Mobile Web Retargeting"
1,2017-07-09,10740,92567,30,0,0,370.268,"Desktop Retargeting"
3,2017-07-09,10740,9329,2,0,0,37.316,"Desktop Prospecting"
1,2017-07-09,10750,17114,24,0,0,50.6295,"Desktop Retargeting"
1,2017-07-09,10797,96429,76,20,2131.9,409.8304,"Desktop Retargeting"
6,2017-07-09,10797,18576,34,2,73.3,78.9487,"Mobile Web Retargeting"
1,2017-07-09,10798,1,0,0,0,0.0035,"Desktop Retargeting"
1,2017-07-09,10841,34223,20,1,311,175.2075,"Desktop Retargeting"
1,2017-09-18,12524,124568,105,2,259.97,644.9445,"Desktop Retargeting"
6,2017-09-18,12524,33697,34,0,0,202.182,"Mobile Web Retargeting"
1,2017-09-18,12536,106,3,0,0,0.324,"Desktop Retargeting"
6,2017-09-18,12536,261,0,0,0,1.032,"Mobile Web Retargeting"
1,2017-09-18,12540,44701,81,7,393.89,206.1946,"Desktop Retargeting"
6,2017-09-18,12540,3984,4,0,0,17.3932,"Mobile Web Retargeting"
1,2017-09-18,12543,15801,19,0,0,66.599,"Desktop Retargeting"
1,2017-09-18,12566,231393,209,17,5104.45,1448.577,"Desktop Retargeting"
6,2017-09-18,12566,50997,40,0,0,305.982,"Mobile Web Retargeting"
1,2017-09-18,12569,47685,74,7,694.93,238.425,"Desktop Retargeting"
6,2017-09-18,12569,34972,38,0,0,174.86,"Mobile Web Retargeting"
1,2017-09-18,12576,33760,32,5,1275,168.8,"Desktop Retargeting"
3,2017-09-18,12576,20427,19,0,0,102.135,"Desktop Prospecting"
6,2017-09-18,12576,20778,15,2,580,103.89,"Mobile Web Retargeting"
1,2017-09-18,12581,20711,31,0,0,82.844,"Desktop Retargeting"
1,2017-09-18,12586,190480,483,72,4092.91,1052.252,"Desktop Retargeting"
1,2017-09-18,12015,68724,100,0,0,246.8885,"Desktop Retargeting"
1,2017-09-18,9068,229932,439,58,9945.36,1781.9799,"Desktop Retargeting"
6,2017-09-18,9068,91383,104,7,1816.31,653.113,"Mobile Web Retargeting"
1,2017-09-18,9122,15381,28,0,0,131.5827,"Desktop Retargeting"
6,2017-09-18,9122,5683,14,0,0,34.9503,"Mobile Web Retargeting"
1,2017-09-18,9167,50140,32,5,219.73,125.35,"Desktop Retargeting"
1,2017-09-18,9175,47175,13,2,231.96,117.9375,"Desktop Retargeting"
1,2017-09-18,9194,19634,36,5,463.56,9.817,"Desktop Retargeting"
1,2017-09-18,9205,63012,24,1,34.98,157.53,"Desktop Retargeting"
1,2017-09-18,9217,56458,44,4,258.92,187.986,"Desktop Retargeting"
1,2017-09-18,9218,7125,33,0,0,34.908,"Desktop Retargeting"
1,2017-09-18,9266,33375,25,2,510.4,100.125,"Desktop Retargeting"
1,2017-09-18,9300,94943,246,40,15583.19,427.2435,"Desktop Retargeting"
6,2017-09-18,9300,17687,51,2,0,70.748,"Mobile Web Retargeting"
5,2017-09-18,12540,48896,105,2,85.92,52.4,"Facebook Retargeting"
5,2017-09-18,12586,393887,2723,104,5952.62,3261.8003,"Facebook Retargeting"
7,2017-09-18,12586,654750,197,1,6.99,2266.4705,"Facebook Prospecting"
5,2017-09-18,9218,6455,8,0,0,3.8002,"Facebook Retargeting"
5,2017-09-18,9300,1022838,3423,104,89759.26,305.0238,"Facebook Retargeting"
7,2017-09-18,9300,77003,45,35,11583.1,182.7292,"Facebook Prospecting"
5,2017-09-18,9656,52452,50,0,0,168.4157,"Facebook Retargeting"
7,2017-09-18,9656,3096,18,0,0,24.1701,"Facebook Prospecting"
7,2017-09-18,9698,81514,39,0,0,324.6509,"Facebook Prospecting"
5,2017-09-18,10046,1176343,1416,5,1763.91,2534.0588,"Facebook Retargeting"
5,2017-09-18,10047,251641,247,0,0,413.1058,"Facebook Retargeting"
5,2017-09-18,20232,79541,83,0,0,151.4471,"Facebook Retargeting"
7,2017-09-18,20232,36096,202,5,649.04,456.0236,"Facebook Prospecting"
5,2017-09-18,20320,92066,167,3,505,256.4352,"Facebook Retargeting"
5,2017-09-18,20365,29021,62,0,0,104.5284,"Facebook Retargeting"
7,2017-09-18,20365,215551,17,0,0,352.8288,"Facebook Prospecting"
1,2017-09-18,19550,29521,133,26,1679.58,227.9412,"Desktop Retargeting"
6,2017-09-18,19550,4306,16,0,0,28.0341,"Mobile Web Retargeting"
3,2017-09-18,19551,68721,22,0,0,206.163,"Desktop Prospecting"
1,2017-09-18,19558,10543,25,8,368.17,105.43,"Desktop Retargeting"
1,2017-09-18,19571,6675,31,2,163.16,53.4,"Desktop Retargeting"
1,2017-09-18,19595,12914,28,3,474.82,121.651,"Desktop Retargeting"
6,2017-09-18,19595,1564,3,0,0,15.64,"Mobile Web Retargeting"
1,2017-09-18,19632,2354,26,5,1945.06,23.54,"Desktop Retargeting"
1,2017-09-18,19691,21778,21,0,0,87.112,"Desktop Retargeting"
1,2017-09-18,19703,44878,466,28,1669.51,583.414,"Desktop Retargeting"
6,2017-09-18,19703,45488,381,32,2137.68,591.344,"Mobile Web Retargeting"
1,2017-09-18,19752,3670,51,0,0,33.03,"Desktop Retargeting"
6,2017-09-18,19752,12626,72,0,0,113.634,"Mobile Web Retargeting"
1,2017-09-18,19761,23952,32,1,59.89,101.7997,"Desktop Retargeting"
6,2017-09-18,19761,3948,5,0,0,16.7823,"Mobile Web Retargeting"
5,2017-09-18,11618,17255,6,0,0,36,"Facebook Retargeting"
7,2017-09-18,11618,13786,81,0,0,89.6471,"Facebook Prospecting"
5,2017-09-18,11686,28407,38,4,59.9,68.2794,"Facebook Retargeting"
5,2017-09-18,11738,217744,188,0,0,552.7647,"Facebook Retargeting"
5,2017-09-18,11856,17078,20,0,0,24.0471,"Facebook Retargeting"
5,2017-09-18,11885,257052,129,4,0,735.1294,"Facebook Retargeting"
7,2017-09-18,11891,90958,37,0,0,218.9647,"Facebook Prospecting"
1,2017-09-18,12018,115999,116,16,819.22,579.995,"Desktop Retargeting"
1,2017-09-18,12019,6929,15,2,1580.28,29.4507,"Desktop Retargeting"
1,2017-09-18,12026,7133,29,0,0,24.9655,"Desktop Retargeting"
1,2017-09-18,12028,10549,25,0,0,36.9215,"Desktop Retargeting"
1,2017-09-18,12037,15765,32,0,0,80.1802,"Desktop Retargeting"
6,2017-09-18,12037,634,3,0,0,3.17,"Mobile Web Retargeting"
1,2017-09-18,12038,643,4,0,0,3.858,"Desktop Retargeting"
1,2017-09-18,12053,8718,20,2,271.78,34.272,"Desktop Retargeting"
1,2017-09-18,12061,48531,66,10,400.9,240.1756,"Desktop Retargeting"
1,2017-09-18,12062,48927,130,3,658.46,391.416,"Desktop Retargeting"
1,2017-09-18,12069,67482,89,9,839.57,484.2725,"Desktop Retargeting"
6,2017-09-18,12069,10982,40,0,0,97.8303,"Mobile Web Retargeting"
1,2017-09-18,12082,6931,28,1,265.17,49.104,"Desktop Retargeting"
6,2017-09-18,12082,928,7,0,0,4.7445,"Mobile Web Retargeting"
1,2017-09-18,12097,102997,352,7,881.85,669.4805,"Desktop Retargeting"
3,2017-09-18,12097,130839,152,3,57,850.4535,"Desktop Prospecting"
6,2017-09-18,12097,28288,55,1,159,183.872,"Mobile Web Retargeting"
1,2017-09-18,12098,3623,22,0,0,10.869,"Desktop Retargeting"
1,2017-09-18,12101,1688,24,0,0,18.5998,"Desktop Retargeting"
1,2017-09-18,13030,63780,45,2,412.11,382.68,"Desktop Retargeting"
3,2017-09-18,13030,102971,52,0,0,566.3405,"Desktop Prospecting"
1,2017-09-18,13031,8478,12,1,29.51,67.824,"Desktop Retargeting"
1,2017-09-18,13050,18708,18,0,0,149.664,"Desktop Retargeting"
1,2017-09-18,13060,2903,16,0,0,15.1695,"Desktop Retargeting"
1,2017-09-18,13063,35265,18,0,0,105.795,"Desktop Retargeting"
6,2017-09-18,13063,2813,5,0,0,11.252,"Mobile Web Retargeting"
1,2017-09-18,13073,29559,21,0,0,88.677,"Desktop Retargeting"
1,2017-09-18,13077,1207,5,0,0,10.863,"Desktop Retargeting"
1,2017-09-18,13092,6358,20,2,1430.28,34.969,"Desktop Retargeting"
1,2017-09-18,13097,7533,10,0,0,34.365,"Desktop Retargeting"
1,2017-09-18,13116,9920,15,0,0,70.395,"Desktop Retargeting"
3,2017-09-18,13116,36245,23,0,0,235.5925,"Desktop Prospecting"
1,2017-09-18,13154,21363,28,0,0,106.815,"Desktop Retargeting"
6,2017-09-18,13154,2361,15,0,0,11.805,"Mobile Web Retargeting"
1,2017-09-18,13158,2482,26,0,0,10.7815,"Desktop Retargeting"
1,2017-09-18,13165,7144,30,3,196.96,33.48,"Desktop Retargeting"
1,2017-09-18,13173,40264,63,1,25.9,241.584,"Desktop Retargeting"
1,2017-09-18,13179,15599,83,9,822.85,102.15,"Desktop Retargeting"
1,2017-09-18,13180,23289,15,1,41,104.8005,"Desktop Retargeting"
3,2017-09-18,11152,528799,127,2,118.16,3437.1935,"Desktop Prospecting"
6,2017-09-18,11152,589147,700,120,7009.42,3829.4555,"Mobile Web Retargeting"
1,2017-09-18,11175,21017,96,8,508.65,74.78,"Desktop Retargeting"
6,2017-09-18,11175,7604,17,2,92,26.419,"Mobile Web Retargeting"
1,2017-09-18,11195,325707,86,4,1170.48,1628.535,"Desktop Retargeting"
3,2017-09-18,11195,48404,17,0,0,242.02,"Desktop Prospecting"
1,2017-09-18,11206,203937,133,23,3180.03,815.748,"Desktop Retargeting"
6,2017-09-18,11206,81444,84,8,973.7,325.776,"Mobile Web Retargeting"
1,2017-09-18,11219,24175,58,3,248.4,143.101,"Desktop Retargeting"
1,2017-09-18,11270,59,0,0,0,0.0761,"Desktop Retargeting"
3,2017-09-18,11270,1838,10,0,0,5.8726,"Desktop Prospecting"
6,2017-09-18,11270,24,0,0,0,0.0311,"Mobile Web Retargeting"
1,2017-09-18,11316,12085,59,0,0,48.34,"Desktop Retargeting"
1,2017-09-18,11321,71452,64,13,285.5,157.686,"Desktop Retargeting"
1,2017-09-18,11330,7596,19,0,0,41.1405,"Desktop Retargeting"
3,2017-09-18,11330,2649,19,0,0,7.947,"Desktop Prospecting"
1,2017-09-18,11337,21869,47,0,0,88.1015,"Desktop Retargeting"
1,2017-09-18,11373,16758,38,0,0,73.704,"Desktop Retargeting"
1,2017-09-18,11391,135959,96,1,0,407.877,"Desktop Retargeting"
6,2017-09-18,11391,13935,13,0,0,34.8375,"Mobile Web Retargeting"
1,2017-09-18,20727,8460,38,0,0,35.6043,"Desktop Retargeting"
6,2017-09-18,20727,996,2,0,0,3.6836,"Mobile Web Retargeting"
1,2017-09-18,20728,56293,171,15,1626.68,314.4457,"Desktop Retargeting"
6,2017-09-18,20728,8914,13,0,0,62.5216,"Mobile Web Retargeting"
3,2017-09-18,20729,361136,336,1,422.15,2596.0456,"Desktop Prospecting"
1,2017-09-18,20785,39098,63,7,1037.4,312.784,"Desktop Retargeting"
6,2017-09-18,20785,12756,31,2,497,102.048,"Mobile Web Retargeting"
1,2017-09-18,20826,2634,23,0,0,18.438,"Desktop Retargeting"
1,2017-09-18,20835,24363,5,0,0,292.356,"Desktop Retargeting"
1,2017-09-18,20854,4295,36,1,0,36.794,"Desktop Retargeting"
5,2017-09-18,17946,21037,48,0,0,61.8067,"Facebook Retargeting"
5,2017-09-18,18080,161192,678,9,1632.4,98.3529,"Facebook Retargeting"
5,2017-09-18,18192,138137,667,21,1004.02,766.9062,"Facebook Retargeting"
7,2017-09-18,18192,133662,1130,3,123.78,818.9416,"Facebook Prospecting"
5,2017-09-18,19436,45827,33,1,45.9,176.9339,"Facebook Retargeting"
7,2017-09-18,19436,129741,3,0,0,207.8265,"Facebook Prospecting"
5,2017-09-18,19441,194343,971,61,6702.87,170.1885,"Facebook Retargeting"
3,2017-09-18,12586,122809,65,0,0,614.045,"Desktop Prospecting"
6,2017-09-18,12586,45972,77,8,462.11,267.8915,"Mobile Web Retargeting"
1,2017-09-18,12590,103958,37,6,1050.08,519.79,"Desktop Retargeting"
1,2017-09-18,12591,6609,35,1,89.95,25.6926,"Desktop Retargeting"
1,2017-09-18,12592,32222,71,3,223.97,170.5112,"Desktop Retargeting"
